,Title,rating,year,Image
0,Exists,5.2,(2014),"https://m.media-amazon.com/images/M/MV5BMTQxNjgzNDQ1M15BMl5BanBnXkFtZTgwNzA1MjE1MjE@._V1_UY209_CR0,0,140,209_AL_.jpg"
1,Doctor Strange,7.5,(2016),https://m.media-amazon.com/images/G/01/imdb/images/nopicture/large/film-184890147._CB470041630_.png
2,Vampire Academy,5.5,(2014),https://m.media-amazon.com/images/G/01/imdb/images/nopicture/large/film-184890147._CB470041630_.png
3,Escape Plan,6.7,(2013),https://m.media-amazon.com/images/G/01/imdb/images/nopicture/large/film-184890147._CB470041630_.png
4,Lockout,6.1,(2012),https://m.media-amazon.com/images/G/01/imdb/images/nopicture/large/film-184890147._CB470041630_.png
5,Unthinkable,7.1,(2010),https://m.media-amazon.com/images/G/01/imdb/images/nopicture/large/film-184890147._CB470041630_.png
6,Soldiers of Fortune,4.3,(2012),https://m.media-amazon.com/images/G/01/imdb/images/nopicture/large/film-184890147._CB470041630_.png
7,Colombiana,6.4,(2011),https://m.media-amazon.com/images/G/01/imdb/images/nopicture/large/film-184890147._CB470041630_.png
8,The Hunter,6.8,(IV) (2011),https://m.media-amazon.com/images/G/01/imdb/images/nopicture/large/film-184890147._CB470041630_.png
9,Skyline,4.4,(2010),https://m.media-amazon.com/images/G/01/imdb/images/nopicture/large/film-184890147._CB470041630_.png
10,The Proposal,6.7,(I) (2009),https://m.media-amazon.com/images/G/01/imdb/images/nopicture/large/film-184890147._CB470041630_.png
11,The Princess Diaries,6.3,(2001),https://m.media-amazon.com/images/G/01/imdb/images/nopicture/large/film-184890147._CB470041630_.png
12,The Princess Diaries 2,5.8,(2004),https://m.media-amazon.com/images/G/01/imdb/images/nopicture/large/film-184890147._CB470041630_.png
13,Real Steel,7.1,(2011),https://m.media-amazon.com/images/G/01/imdb/images/nopicture/large/film-184890147._CB470041630_.png
14,UNindian,5.6,(2015),https://m.media-amazon.com/images/G/01/imdb/images/nopicture/large/film-184890147._CB470041630_.png
15,Ninja Apocalypse,3.1,(2014),https://m.media-amazon.com/images/G/01/imdb/images/nopicture/large/film-184890147._CB470041630_.png
16,The Last Stand,6.4,(2013),https://m.media-amazon.com/images/G/01/imdb/images/nopicture/large/film-184890147._CB470041630_.png
17,Riddick,6.4,(2013),https://m.media-amazon.com/images/G/01/imdb/images/nopicture/large/film-184890147._CB470041630_.png
18,Need for Speed,6.5,(2014),https://m.media-amazon.com/images/G/01/imdb/images/nopicture/large/film-184890147._CB470041630_.png
19,Kingsman: The Secret Service,7.7,(2014),https://m.media-amazon.com/images/G/01/imdb/images/nopicture/large/film-184890147._CB470041630_.png
20,Delivery Man,6.4,(2013),https://m.media-amazon.com/images/G/01/imdb/images/nopicture/large/film-184890147._CB470041630_.png
21,I Am Number Four,6.1,(2011),https://m.media-amazon.com/images/G/01/imdb/images/nopicture/large/film-184890147._CB470041630_.png
22,Captain America: Civil War,7.8,(2016),https://m.media-amazon.com/images/G/01/imdb/images/nopicture/large/film-184890147._CB470041630_.png
23,War Horse,7.2,(2011),https://m.media-amazon.com/images/G/01/imdb/images/nopicture/large/film-184890147._CB470041630_.png
24,The Fifth Estate,6.2,(2013),https://m.media-amazon.com/images/G/01/imdb/images/nopicture/large/film-184890147._CB470041630_.png
25,The Pacifier,5.6,(2005),https://m.media-amazon.com/images/G/01/imdb/images/nopicture/large/film-184890147._CB470041630_.png
26,Taxi 3,5.8,(2003),https://m.media-amazon.com/images/G/01/imdb/images/nopicture/large/film-184890147._CB470041630_.png
27,A Lot Like Love,6.6,(2005),https://m.media-amazon.com/images/G/01/imdb/images/nopicture/large/film-184890147._CB470041630_.png
28,Captain America: The Winter Soldier,7.8,(2014),https://m.media-amazon.com/images/G/01/imdb/images/nopicture/large/film-184890147._CB470041630_.png
29,Goal II: Living the Dream,5.9,(2007),https://m.media-amazon.com/images/G/01/imdb/images/nopicture/large/film-184890147._CB470041630_.png
30,District 13,7.2,(2004),https://m.media-amazon.com/images/G/01/imdb/images/nopicture/large/film-184890147._CB470041630_.png
31,Atlantis: The Lost Empire,6.9,(2001),https://m.media-amazon.com/images/G/01/imdb/images/nopicture/large/film-184890147._CB470041630_.png
32,John Carter,6.6,(2012),https://m.media-amazon.com/images/G/01/imdb/images/nopicture/large/film-184890147._CB470041630_.png
33,Scream 4,6.2,(2011),https://m.media-amazon.com/images/G/01/imdb/images/nopicture/large/film-184890147._CB470041630_.png
34,Sweet Home Alabama,6.2,(2002),https://m.media-amazon.com/images/G/01/imdb/images/nopicture/large/film-184890147._CB470041630_.png
35,Goal! The Dream Begins,6.7,(2005),https://m.media-amazon.com/images/G/01/imdb/images/nopicture/large/film-184890147._CB470041630_.png
36,Dredd,7.1,(2012),https://m.media-amazon.com/images/G/01/imdb/images/nopicture/large/film-184890147._CB470041630_.png
37,The Devil Wears Prada,6.9,(2006),https://m.media-amazon.com/images/G/01/imdb/images/nopicture/large/film-184890147._CB470041630_.png
38,Cowboys & Aliens,6,(2011),https://m.media-amazon.com/images/G/01/imdb/images/nopicture/large/film-184890147._CB470041630_.png
39,A Monster in Paris,6.7,(2011),https://m.media-amazon.com/images/G/01/imdb/images/nopicture/large/film-184890147._CB470041630_.png
40,National Treasure,6.9,(2004),https://m.media-amazon.com/images/G/01/imdb/images/nopicture/large/film-184890147._CB470041630_.png
41,Hitman: Agent 47,5.7,(2015),https://m.media-amazon.com/images/G/01/imdb/images/nopicture/large/film-184890147._CB470041630_.png
42,Tangled,7.8,(2010),https://m.media-amazon.com/images/G/01/imdb/images/nopicture/large/film-184890147._CB470041630_.png
43,The Last Song,5.9,(2010),https://m.media-amazon.com/images/G/01/imdb/images/nopicture/large/film-184890147._CB470041630_.png
44,Avengers Assemble,8.1,(2012),https://m.media-amazon.com/images/G/01/imdb/images/nopicture/large/film-184890147._CB470041630_.png
45,The Hundred-Foot Journey,7.3,(2014),https://m.media-amazon.com/images/G/01/imdb/images/nopicture/large/film-184890147._CB470041630_.png
46,The Fault in our Stars,7.7,(2014),https://m.media-amazon.com/images/G/01/imdb/images/nopicture/large/film-184890147._CB470041630_.png
47,X-Men: Apocalypse,7,(2016),https://m.media-amazon.com/images/G/01/imdb/images/nopicture/large/film-184890147._CB470041630_.png
48,The Little Mermaid,7.6,(1989),https://m.media-amazon.com/images/G/01/imdb/images/nopicture/large/film-184890147._CB470041630_.png
49,Deadpool,8,(2016),https://m.media-amazon.com/images/G/01/imdb/images/nopicture/large/film-184890147._CB470041630_.png
50,27 Dresses,6.1,(2008),https://m.media-amazon.com/images/G/01/imdb/images/nopicture/large/film-184890147._CB470041630_.png
51,Hannah Montana: The Movie,4.4,(2009),https://m.media-amazon.com/images/G/01/imdb/images/nopicture/large/film-184890147._CB470041630_.png
52,Independence Day: Resurgence,5.2,(2016),https://m.media-amazon.com/images/G/01/imdb/images/nopicture/large/film-184890147._CB470041630_.png
53,Freerunner,3.8,(2011),https://m.media-amazon.com/images/G/01/imdb/images/nopicture/large/film-184890147._CB470041630_.png
54,The Princess and the Frog,7.1,(2009),https://m.media-amazon.com/images/G/01/imdb/images/nopicture/large/film-184890147._CB470041630_.png
55,Taxi 2,6.5,(2000),https://m.media-amazon.com/images/G/01/imdb/images/nopicture/large/film-184890147._CB470041630_.png
56,Mulan,7.6,(1998),https://m.media-amazon.com/images/G/01/imdb/images/nopicture/large/film-184890147._CB470041630_.png
57,The Other Woman,6,(2014),https://m.media-amazon.com/images/G/01/imdb/images/nopicture/large/film-184890147._CB470041630_.png
58,Mike and Dave Need Wedding Dates,6,(2016),https://m.media-amazon.com/images/G/01/imdb/images/nopicture/large/film-184890147._CB470041630_.png
59,BSF: India's First Line of Defence,8.3,(2016 TV Movie),https://m.media-amazon.com/images/G/01/imdb/images/nopicture/large/film-184890147._CB470041630_.png
60,Surrogates,6.3,(2009),https://m.media-amazon.com/images/G/01/imdb/images/nopicture/large/film-184890147._CB470041630_.png
61,Iron Man 3,7.2,(2013),https://m.media-amazon.com/images/G/01/imdb/images/nopicture/large/film-184890147._CB470041630_.png
62,Iron Man 2,7,(2010),https://m.media-amazon.com/images/G/01/imdb/images/nopicture/large/film-184890147._CB470041630_.png
63,The Sitter,5.7,(2011),https://m.media-amazon.com/images/G/01/imdb/images/nopicture/large/film-184890147._CB470041630_.png
64,A Good Man,4.7,(2014 Video),https://m.media-amazon.com/images/G/01/imdb/images/nopicture/large/film-184890147._CB470041630_.png
65,Maze Runner: The Scorch Trials,6.3,(2015),https://m.media-amazon.com/images/G/01/imdb/images/nopicture/large/film-184890147._CB470041630_.png
66,Finding Dory,7.3,(2016),https://m.media-amazon.com/images/G/01/imdb/images/nopicture/large/film-184890147._CB470041630_.png
67,Ice Age: Collision Course,5.7,(2016),https://m.media-amazon.com/images/G/01/imdb/images/nopicture/large/film-184890147._CB470041630_.png
68,Wushu Warrior,4.3,(2011),https://m.media-amazon.com/images/G/01/imdb/images/nopicture/large/film-184890147._CB470041630_.png
69,The Family Stone,6.3,(2005),https://m.media-amazon.com/images/G/01/imdb/images/nopicture/large/film-184890147._CB470041630_.png
70,Up,8.3,(2009),https://m.media-amazon.com/images/G/01/imdb/images/nopicture/large/film-184890147._CB470041630_.png
71,Pirates of the Caribbean: The Curse of the Black Pearl,8,(2003),https://m.media-amazon.com/images/G/01/imdb/images/nopicture/large/film-184890147._CB470041630_.png
72,10 Things I Hate About You,7.3,(1999),https://m.media-amazon.com/images/G/01/imdb/images/nopicture/large/film-184890147._CB470041630_.png
73,Freaky Friday,6.2,(2003),https://m.media-amazon.com/images/G/01/imdb/images/nopicture/large/film-184890147._CB470041630_.png
74,Hitman,6.3,(I) (2007),https://m.media-amazon.com/images/G/01/imdb/images/nopicture/large/film-184890147._CB470041630_.png
75,The Pyramid,4.6,(2014),https://m.media-amazon.com/images/G/01/imdb/images/nopicture/large/film-184890147._CB470041630_.png
76,Far from the Madding Crowd,7.1,(2015),https://m.media-amazon.com/images/G/01/imdb/images/nopicture/large/film-184890147._CB470041630_.png
77,"The Chronicles of Narnia: The Lion, the Witch and the Wardrobe",6.9,(2005),https://m.media-amazon.com/images/G/01/imdb/images/nopicture/large/film-184890147._CB470041630_.png
78,The Chronicles of Narnia: The Voyage of the Dawn Treader,6.3,(2010),https://m.media-amazon.com/images/G/01/imdb/images/nopicture/large/film-184890147._CB470041630_.png
79,Titanic,7.8,(1997),https://m.media-amazon.com/images/G/01/imdb/images/nopicture/large/film-184890147._CB470041630_.png
80,Pete's Dragon,6.7,(2016),https://m.media-amazon.com/images/G/01/imdb/images/nopicture/large/film-184890147._CB470041630_.png
81,High School Musical 3: Senior Year,4.7,(2008),https://m.media-amazon.com/images/G/01/imdb/images/nopicture/large/film-184890147._CB470041630_.png
82,Becoming Warren Buffett,7.6,(2017),https://m.media-amazon.com/images/G/01/imdb/images/nopicture/large/film-184890147._CB470041630_.png
83,Whitewash,5.8,(I) (2013),https://m.media-amazon.com/images/G/01/imdb/images/nopicture/large/film-184890147._CB470041630_.png
84,Thor,7,(2011),https://m.media-amazon.com/images/G/01/imdb/images/nopicture/large/film-184890147._CB470041630_.png
85,John Tucker Must Die,5.8,(2006),https://m.media-amazon.com/images/G/01/imdb/images/nopicture/large/film-184890147._CB470041630_.png
86,Kung Fu Panda 3,7.1,(2016),https://m.media-amazon.com/images/G/01/imdb/images/nopicture/large/film-184890147._CB470041630_.png
87,The Good Dinosaur,6.7,(2015),https://m.media-amazon.com/images/G/01/imdb/images/nopicture/large/film-184890147._CB470041630_.png
88,Remember the Titans,7.8,(2000),https://m.media-amazon.com/images/G/01/imdb/images/nopicture/large/film-184890147._CB470041630_.png
89,The Longest Ride,7.1,(2015),https://m.media-amazon.com/images/G/01/imdb/images/nopicture/large/film-184890147._CB470041630_.png
90,Zootropolis,8,(2016),https://m.media-amazon.com/images/G/01/imdb/images/nopicture/large/film-184890147._CB470041630_.png
91,Captain America: The First Avenger,6.9,(2011),https://m.media-amazon.com/images/G/01/imdb/images/nopicture/large/film-184890147._CB470041630_.png
92,Miss Peregrine's Home for Peculiar Children,6.7,(2016),https://m.media-amazon.com/images/G/01/imdb/images/nopicture/large/film-184890147._CB470041630_.png
93,Swelter,4.6,(2014),https://m.media-amazon.com/images/G/01/imdb/images/nopicture/large/film-184890147._CB470041630_.png
94,Independence Day,7,(1996),https://m.media-amazon.com/images/G/01/imdb/images/nopicture/large/film-184890147._CB470041630_.png
95,Another Earth,7,(2011),https://m.media-amazon.com/images/G/01/imdb/images/nopicture/large/film-184890147._CB470041630_.png
96,Percy Jackson: Sea of Monsters,5.8,(2013),https://m.media-amazon.com/images/G/01/imdb/images/nopicture/large/film-184890147._CB470041630_.png
97,Pearl Harbor,6.1,(2001),https://m.media-amazon.com/images/G/01/imdb/images/nopicture/large/film-184890147._CB470041630_.png
98,Waitress,7,(2007),https://m.media-amazon.com/images/G/01/imdb/images/nopicture/large/film-184890147._CB470041630_.png
99,Percy Jackson & the Lightning Thief,5.9,(2010),https://m.media-amazon.com/images/G/01/imdb/images/nopicture/large/film-184890147._CB470041630_.png
100,Avatar,7.8,(2009),"https://m.media-amazon.com/images/M/MV5BMTYwOTEwNjAzMl5BMl5BanBnXkFtZTcwODc5MTUwMw@@._V1_UY209_CR0,0,140,209_AL_.jpg"
101,Wreck-It Ralph,7.7,(2012),https://m.media-amazon.com/images/G/01/imdb/images/nopicture/large/film-184890147._CB470041630_.png
102,The Art of Getting By,6.6,(2011),https://m.media-amazon.com/images/G/01/imdb/images/nopicture/large/film-184890147._CB470041630_.png
103,Ever After: A Cinderella Story,7,(1998),https://m.media-amazon.com/images/G/01/imdb/images/nopicture/large/film-184890147._CB470041630_.png
104,The Chronicles of Narnia: Prince Caspian,6.5,(2008),https://m.media-amazon.com/images/G/01/imdb/images/nopicture/large/film-184890147._CB470041630_.png
105,Chicken Little,5.8,(2005),https://m.media-amazon.com/images/G/01/imdb/images/nopicture/large/film-184890147._CB470041630_.png
106,Queen of Katwe,7.4,(2016),https://m.media-amazon.com/images/G/01/imdb/images/nopicture/large/film-184890147._CB470041630_.png
107,Wild Hogs,5.9,(2007),https://m.media-amazon.com/images/G/01/imdb/images/nopicture/large/film-184890147._CB470041630_.png
108,Spielberg,7.7,(2017 TV Movie),https://m.media-amazon.com/images/G/01/imdb/images/nopicture/large/film-184890147._CB470041630_.png
109,Just Married,5.5,(2003),https://m.media-amazon.com/images/G/01/imdb/images/nopicture/large/film-184890147._CB470041630_.png
110,Night at the Museum: Secret of the Tomb,6.2,(2014),https://m.media-amazon.com/images/G/01/imdb/images/nopicture/large/film-184890147._CB470041630_.png
111,G-Force,5.1,(2009),https://m.media-amazon.com/images/G/01/imdb/images/nopicture/large/film-184890147._CB470041630_.png
112,The Shaggy Dog,4.4,(2006),https://m.media-amazon.com/images/G/01/imdb/images/nopicture/large/film-184890147._CB470041630_.png
113,Kingdom of Heaven,7.2,(2005),https://m.media-amazon.com/images/G/01/imdb/images/nopicture/large/film-184890147._CB470041630_.png
114,The Finest Hours,6.8,(2016),https://m.media-amazon.com/images/G/01/imdb/images/nopicture/large/film-184890147._CB470041630_.png
115,This Means War,6.3,(2012),https://m.media-amazon.com/images/G/01/imdb/images/nopicture/large/film-184890147._CB470041630_.png
116,Fantastic Four,4.3,(2015),https://m.media-amazon.com/images/G/01/imdb/images/nopicture/large/film-184890147._CB470041630_.png
117,A Christmas Carol,6.8,(2009),https://m.media-amazon.com/images/G/01/imdb/images/nopicture/large/film-184890147._CB470041630_.png
118,Exodus: Gods and Kings,6,(2014),https://m.media-amazon.com/images/G/01/imdb/images/nopicture/large/film-184890147._CB470041630_.png
119,The Secret Life of Walter Mitty,7.3,(2013),https://m.media-amazon.com/images/G/01/imdb/images/nopicture/large/film-184890147._CB470041630_.png
120,Pirates of the Caribbean: At World's End,7.1,(2007),https://m.media-amazon.com/images/G/01/imdb/images/nopicture/large/film-184890147._CB470041630_.png
121,Rio 2,6.3,(2014),https://m.media-amazon.com/images/G/01/imdb/images/nopicture/large/film-184890147._CB470041630_.png
122,The Martian,8,(2015),https://m.media-amazon.com/images/G/01/imdb/images/nopicture/large/film-184890147._CB470041630_.png
123,Ice Age: Continental Drift,6.6,(2012),https://m.media-amazon.com/images/G/01/imdb/images/nopicture/large/film-184890147._CB470041630_.png
124,The Book of Life,7.3,(2014),https://m.media-amazon.com/images/G/01/imdb/images/nopicture/large/film-184890147._CB470041630_.png
125,Dr. Cabbie,6.1,(2014),https://m.media-amazon.com/images/G/01/imdb/images/nopicture/large/film-184890147._CB470041630_.png
126,Eight Below,7.3,(2006),https://m.media-amazon.com/images/G/01/imdb/images/nopicture/large/film-184890147._CB470041630_.png
127,The Wolverine,6.7,(2013),https://m.media-amazon.com/images/G/01/imdb/images/nopicture/large/film-184890147._CB470041630_.png
128,X-Men: Days of Future Past,8,(2014),https://m.media-amazon.com/images/G/01/imdb/images/nopicture/large/film-184890147._CB470041630_.png
129,Borat: Cultural Learnings of America for Make Benefit Glorious Nation of Kazakhstan,7.3,(2006),https://m.media-amazon.com/images/G/01/imdb/images/nopicture/large/film-184890147._CB470041630_.png
130,Cleopatra,7,(1963),https://m.media-amazon.com/images/G/01/imdb/images/nopicture/large/film-184890147._CB470041630_.png
131,Taken 3,6,(2014),https://m.media-amazon.com/images/G/01/imdb/images/nopicture/large/film-184890147._CB470041630_.png
132,Beauty and the Beast,8,(1991),https://m.media-amazon.com/images/G/01/imdb/images/nopicture/large/film-184890147._CB470041630_.png
133,Abraham Lincoln: Vampire Hunter,5.9,(2012),https://m.media-amazon.com/images/G/01/imdb/images/nopicture/large/film-184890147._CB470041630_.png
134,The Day the Earth Stood Still,5.5,(2008),https://m.media-amazon.com/images/G/01/imdb/images/nopicture/large/film-184890147._CB470041630_.png
135,Pirates of the Caribbean: Dead Man's Chest,7.3,(2006),https://m.media-amazon.com/images/G/01/imdb/images/nopicture/large/film-184890147._CB470041630_.png
136,Bolt,6.9,(2008),https://m.media-amazon.com/images/G/01/imdb/images/nopicture/large/film-184890147._CB470041630_.png
137,Morgan,5.8,(2016),https://m.media-amazon.com/images/G/01/imdb/images/nopicture/large/film-184890147._CB470041630_.png
138,Finding Nemo,8.1,(2003),https://m.media-amazon.com/images/G/01/imdb/images/nopicture/large/film-184890147._CB470041630_.png
139,In Her Shoes,6.5,(2005),https://m.media-amazon.com/images/G/01/imdb/images/nopicture/large/film-184890147._CB470041630_.png
140,Wall Street: Money Never Sleeps,6.2,(2010),https://m.media-amazon.com/images/G/01/imdb/images/nopicture/large/film-184890147._CB470041630_.png
141,The Heat,6.6,(I) (2013),https://m.media-amazon.com/images/G/01/imdb/images/nopicture/large/film-184890147._CB470041630_.png
142,One in the Chamber,5.2,(2012),https://m.media-amazon.com/images/G/01/imdb/images/nopicture/large/film-184890147._CB470041630_.png
143,Taken 2,6.3,(2012),https://m.media-amazon.com/images/G/01/imdb/images/nopicture/large/film-184890147._CB470041630_.png
144,X-Men 2,7.5,(2003),https://m.media-amazon.com/images/G/01/imdb/images/nopicture/large/film-184890147._CB470041630_.png
145,Fantastic Four,5.7,(I) (2005),https://m.media-amazon.com/images/G/01/imdb/images/nopicture/large/film-184890147._CB470041630_.png
146,The Seeker: The Dark Is Rising,4.8,(2007),https://m.media-amazon.com/images/G/01/imdb/images/nopicture/large/film-184890147._CB470041630_.png
147,X-Men: The Last Stand,6.7,(2006),https://m.media-amazon.com/images/G/01/imdb/images/nopicture/large/film-184890147._CB470041630_.png
148,The Jungle Book,7.4,(2016),https://m.media-amazon.com/images/G/01/imdb/images/nopicture/large/film-184890147._CB470041630_.png
149,Pirates of the Caribbean: On Stranger Tides,6.6,(2011),https://m.media-amazon.com/images/G/01/imdb/images/nopicture/large/film-184890147._CB470041630_.png
150,The Maze Runner,6.8,(2014),https://m.media-amazon.com/images/G/01/imdb/images/nopicture/large/film-184890147._CB470041630_.png
151,Rio,6.9,(2011),https://m.media-amazon.com/images/G/01/imdb/images/nopicture/large/film-184890147._CB470041630_.png
152,Unstoppable,6.8,(2010),https://m.media-amazon.com/images/G/01/imdb/images/nopicture/large/film-184890147._CB470041630_.png
153,500 Days of Summer,7.7,(2009),https://m.media-amazon.com/images/G/01/imdb/images/nopicture/large/film-184890147._CB470041630_.png
154,Belle,7.4,(2013),https://m.media-amazon.com/images/G/01/imdb/images/nopicture/large/film-184890147._CB470041630_.png
155,Never Been Kissed,6,(1999),https://m.media-amazon.com/images/G/01/imdb/images/nopicture/large/film-184890147._CB470041630_.png
156,Brave,7.1,(2012),https://m.media-amazon.com/images/G/01/imdb/images/nopicture/large/film-184890147._CB470041630_.png
157,The Wild,5.3,(2006),https://m.media-amazon.com/images/G/01/imdb/images/nopicture/large/film-184890147._CB470041630_.png
158,Dead Poets Society,8.1,(1989),https://m.media-amazon.com/images/G/01/imdb/images/nopicture/large/film-184890147._CB470041630_.png
159,X-Men,7.4,(2000),https://m.media-amazon.com/images/G/01/imdb/images/nopicture/large/film-184890147._CB470041630_.png
160,Aladdin,8,(1992),https://m.media-amazon.com/images/G/01/imdb/images/nopicture/large/film-184890147._CB470041630_.png
161,127 Hours,7.6,(2010),https://m.media-amazon.com/images/G/01/imdb/images/nopicture/large/film-184890147._CB470041630_.png
162,Animal Kingdom,7.3,(2010),https://m.media-amazon.com/images/G/01/imdb/images/nopicture/large/film-184890147._CB470041630_.png
163,Prince of Persia: The Sands of Time,6.6,(2010),https://m.media-amazon.com/images/G/01/imdb/images/nopicture/large/film-184890147._CB470041630_.png
164,There's Something About Mary,7.1,(1998),https://m.media-amazon.com/images/G/01/imdb/images/nopicture/large/film-184890147._CB470041630_.png
165,Les Chansons d'Amour,7.2,(2007),https://m.media-amazon.com/images/G/01/imdb/images/nopicture/large/film-184890147._CB470041630_.png
166,X-Men Origins: Wolverine,6.6,(2009),https://m.media-amazon.com/images/G/01/imdb/images/nopicture/large/film-184890147._CB470041630_.png
167,Life of Pi,7.9,(2012),https://m.media-amazon.com/images/G/01/imdb/images/nopicture/large/film-184890147._CB470041630_.png
168,"I Love You, Beth Cooper",5.3,(2009),https://m.media-amazon.com/images/G/01/imdb/images/nopicture/large/film-184890147._CB470041630_.png
169,The Santa Clause 3: The Escape Clause,4.7,(2006),https://m.media-amazon.com/images/G/01/imdb/images/nopicture/large/film-184890147._CB470041630_.png
170,WALL·E,8.4,(2008),https://m.media-amazon.com/images/G/01/imdb/images/nopicture/large/film-184890147._CB470041630_.png
171,Ice Age: Dawn of the Dinosaurs,7,(2009),https://m.media-amazon.com/images/G/01/imdb/images/nopicture/large/film-184890147._CB470041630_.png
172,Swiss Army Man,7,(2016),https://m.media-amazon.com/images/G/01/imdb/images/nopicture/large/film-184890147._CB470041630_.png
173,Dawn of the Planet of the Apes,7.6,(2014),https://m.media-amazon.com/images/G/01/imdb/images/nopicture/large/film-184890147._CB470041630_.png
174,The Day After Tomorrow,6.4,(2004),https://m.media-amazon.com/images/G/01/imdb/images/nopicture/large/film-184890147._CB470041630_.png
175,Devil's Due,4.1,(2014),https://m.media-amazon.com/images/G/01/imdb/images/nopicture/large/film-184890147._CB470041630_.png
176,The A-Team,6.8,(2010),https://m.media-amazon.com/images/G/01/imdb/images/nopicture/large/film-184890147._CB470041630_.png
177,Let's Be Cops,6.4,(2014),https://m.media-amazon.com/images/G/01/imdb/images/nopicture/large/film-184890147._CB470041630_.png
178,Trance,6.9,(I) (2013),https://m.media-amazon.com/images/G/01/imdb/images/nopicture/large/film-184890147._CB470041630_.png
179,A Walk in the Clouds,6.7,(1995),https://m.media-amazon.com/images/G/01/imdb/images/nopicture/large/film-184890147._CB470041630_.png
180,The Lion King,8.5,(1994),https://m.media-amazon.com/images/G/01/imdb/images/nopicture/large/film-184890147._CB470041630_.png
181,Aquamarine,5.4,(2006),https://m.media-amazon.com/images/G/01/imdb/images/nopicture/large/film-184890147._CB470041630_.png
182,Wall Street,7.4,(1987),https://m.media-amazon.com/images/G/01/imdb/images/nopicture/large/film-184890147._CB470041630_.png
183,The Emperor's New Groove,7.3,(2000),https://m.media-amazon.com/images/G/01/imdb/images/nopicture/large/film-184890147._CB470041630_.png
184,The Big Year,6.2,(2011),https://m.media-amazon.com/images/G/01/imdb/images/nopicture/large/film-184890147._CB470041630_.png
185,Home Alone,7.5,(1990),https://m.media-amazon.com/images/G/01/imdb/images/nopicture/large/film-184890147._CB470041630_.png
186,Epic,6.7,(2013),https://m.media-amazon.com/images/G/01/imdb/images/nopicture/large/film-184890147._CB470041630_.png
187,Spy,7,(2015),https://m.media-amazon.com/images/G/01/imdb/images/nopicture/large/film-184890147._CB470041630_.png
188,Miss March,5,(2009),https://m.media-amazon.com/images/G/01/imdb/images/nopicture/large/film-184890147._CB470041630_.png
189,King Arthur,6.3,(2004),https://m.media-amazon.com/images/G/01/imdb/images/nopicture/large/film-184890147._CB470041630_.png
190,Winnie the Pooh,7.2,(2011),https://m.media-amazon.com/images/G/01/imdb/images/nopicture/large/film-184890147._CB470041630_.png
191,Paper Towns,6.3,(2015),https://m.media-amazon.com/images/G/01/imdb/images/nopicture/large/film-184890147._CB470041630_.png
192,Victor Frankenstein,6,(2015),https://m.media-amazon.com/images/G/01/imdb/images/nopicture/large/film-184890147._CB470041630_.png
193,Prometheus,7,(I) (2012),https://m.media-amazon.com/images/G/01/imdb/images/nopicture/large/film-184890147._CB470041630_.png
194,Gulliver's Travels,4.9,(2010),https://m.media-amazon.com/images/G/01/imdb/images/nopicture/large/film-184890147._CB470041630_.png
195,Alice in Wonderland,6.5,(I) (2010),https://m.media-amazon.com/images/G/01/imdb/images/nopicture/large/film-184890147._CB470041630_.png
196,The Drop,7.1,(2014),https://m.media-amazon.com/images/G/01/imdb/images/nopicture/large/film-184890147._CB470041630_.png
197,1:1.6 An Ode to Lost Love,6.2,(2004),https://m.media-amazon.com/images/G/01/imdb/images/nopicture/large/film-184890147._CB470041630_.png
198,How to Train Your Dragon 2,7.8,(2014),https://m.media-amazon.com/images/G/01/imdb/images/nopicture/large/film-184890147._CB470041630_.png
199,Alice Through the Looking Glass,6.2,(2016),https://m.media-amazon.com/images/G/01/imdb/images/nopicture/large/film-184890147._CB470041630_.png
200,Gnomeo & Juliet,6,(2011),"https://m.media-amazon.com/images/M/MV5BMjAyNDM2MDA2NF5BMl5BanBnXkFtZTcwOTMxMDAxNA@@._V1_UY209_CR0,0,140,209_AL_.jpg"
201,Ratatouille,8,(2007),https://m.media-amazon.com/images/G/01/imdb/images/nopicture/large/film-184890147._CB470041630_.png
202,Die Hard 4.0,7.1,(2007),https://m.media-amazon.com/images/G/01/imdb/images/nopicture/large/film-184890147._CB470041630_.png
203,Tooth Fairy,5,(I) (2010),https://m.media-amazon.com/images/G/01/imdb/images/nopicture/large/film-184890147._CB470041630_.png
204,Home on the Range,5.4,(2004),https://m.media-amazon.com/images/G/01/imdb/images/nopicture/large/film-184890147._CB470041630_.png
205,Babylon A.D.,5.6,(2008),https://m.media-amazon.com/images/G/01/imdb/images/nopicture/large/film-184890147._CB470041630_.png
206,High Fidelity,7.5,(2000),https://m.media-amazon.com/images/G/01/imdb/images/nopicture/large/film-184890147._CB470041630_.png
207,The Watch,5.7,(I) (2012),https://m.media-amazon.com/images/G/01/imdb/images/nopicture/large/film-184890147._CB470041630_.png
208,Night at the Museum 2,6,(2009),https://m.media-amazon.com/images/G/01/imdb/images/nopicture/large/film-184890147._CB470041630_.png
209,Adam,7.2,(I) (2009),https://m.media-amazon.com/images/G/01/imdb/images/nopicture/large/film-184890147._CB470041630_.png
210,Max Payne,5.4,(2008),https://m.media-amazon.com/images/G/01/imdb/images/nopicture/large/film-184890147._CB470041630_.png
211,Night at the Museum,6.4,(2006),https://m.media-amazon.com/images/G/01/imdb/images/nopicture/large/film-184890147._CB470041630_.png
212,The Siege,6.3,(1998),https://m.media-amazon.com/images/G/01/imdb/images/nopicture/large/film-184890147._CB470041630_.png
213,The Sound of Music,8,(1965),https://m.media-amazon.com/images/G/01/imdb/images/nopicture/large/film-184890147._CB470041630_.png
214,Sleeping with the Enemy,6.2,(1991),https://m.media-amazon.com/images/G/01/imdb/images/nopicture/large/film-184890147._CB470041630_.png
215,I Think I Love My Wife,5.5,(2007),https://m.media-amazon.com/images/G/01/imdb/images/nopicture/large/film-184890147._CB470041630_.png
216,Citizenfour,8.1,(2014),https://m.media-amazon.com/images/G/01/imdb/images/nopicture/large/film-184890147._CB470041630_.png
217,Invincible,7.1,(2006),https://m.media-amazon.com/images/G/01/imdb/images/nopicture/large/film-184890147._CB470041630_.png
218,The Kid,6.1,(2000),https://m.media-amazon.com/images/G/01/imdb/images/nopicture/large/film-184890147._CB470041630_.png
219,Diary of a Wimpy Kid: Dog Days,6.3,(2012),https://m.media-amazon.com/images/G/01/imdb/images/nopicture/large/film-184890147._CB470041630_.png
220,X-Men: First Class,7.7,(2011),https://m.media-amazon.com/images/G/01/imdb/images/nopicture/large/film-184890147._CB470041630_.png
221,Diary of a Wimpy Kid,6.2,(2010),https://m.media-amazon.com/images/G/01/imdb/images/nopicture/large/film-184890147._CB470041630_.png
222,Mr. Popper's Penguins,6,(2011),https://m.media-amazon.com/images/G/01/imdb/images/nopicture/large/film-184890147._CB470041630_.png
223,Fantastic 4: Rise of the Silver Surfer,5.6,(2007),https://m.media-amazon.com/images/G/01/imdb/images/nopicture/large/film-184890147._CB470041630_.png
224,Joy,6.6,(I) (2015),https://m.media-amazon.com/images/G/01/imdb/images/nopicture/large/film-184890147._CB470041630_.png
225,The Devil's Child,5.9,(2007),https://m.media-amazon.com/images/G/01/imdb/images/nopicture/large/film-184890147._CB470041630_.png
226,Ice Age 2: The Meltdown,6.8,(2006),https://m.media-amazon.com/images/G/01/imdb/images/nopicture/large/film-184890147._CB470041630_.png
227,Braveheart,8.4,(1995),https://m.media-amazon.com/images/G/01/imdb/images/nopicture/large/film-184890147._CB470041630_.png
228,The Monuments Men,6.1,(2014),https://m.media-amazon.com/images/G/01/imdb/images/nopicture/large/film-184890147._CB470041630_.png
229,The Counsellor,5.3,(2013),https://m.media-amazon.com/images/G/01/imdb/images/nopicture/large/film-184890147._CB470041630_.png
230,Fire in Babylon,7.7,(2010),https://m.media-amazon.com/images/G/01/imdb/images/nopicture/large/film-184890147._CB470041630_.png
231,Star Wars: Episode VII - The Force Awakens,8,(2015),https://m.media-amazon.com/images/G/01/imdb/images/nopicture/large/film-184890147._CB470041630_.png
232,Oz the Great and Powerful,6.3,(2013),https://m.media-amazon.com/images/G/01/imdb/images/nopicture/large/film-184890147._CB470041630_.png
233,Brooklyn,7.5,(2015),https://m.media-amazon.com/images/G/01/imdb/images/nopicture/large/film-184890147._CB470041630_.png
234,The Wizard of Lies,6.8,(2017 TV Movie),https://m.media-amazon.com/images/G/01/imdb/images/nopicture/large/film-184890147._CB470041630_.png
235,Cheaper by the Dozen,5.9,(2003),https://m.media-amazon.com/images/G/01/imdb/images/nopicture/large/film-184890147._CB470041630_.png
236,The Marine,4.7,(2006),https://m.media-amazon.com/images/G/01/imdb/images/nopicture/large/film-184890147._CB470041630_.png
237,Jennifer's Body,5.2,(2009),https://m.media-amazon.com/images/G/01/imdb/images/nopicture/large/film-184890147._CB470041630_.png
238,Monsters University,7.3,(2013),https://m.media-amazon.com/images/G/01/imdb/images/nopicture/large/film-184890147._CB470041630_.png
239,Seabiscuit,7.3,(2003),https://m.media-amazon.com/images/G/01/imdb/images/nopicture/large/film-184890147._CB470041630_.png
240,We Bought a Zoo,7.1,(2011),https://m.media-amazon.com/images/G/01/imdb/images/nopicture/large/film-184890147._CB470041630_.png
241,The Lone Ranger,6.4,(2013),https://m.media-amazon.com/images/G/01/imdb/images/nopicture/large/film-184890147._CB470041630_.png
242,All About Steve,4.8,(2009),https://m.media-amazon.com/images/G/01/imdb/images/nopicture/large/film-184890147._CB470041630_.png
243,Toy Story,8.3,(1995),https://m.media-amazon.com/images/G/01/imdb/images/nopicture/large/film-184890147._CB470041630_.png
244,28 Weeks Later,7,(2007),https://m.media-amazon.com/images/G/01/imdb/images/nopicture/large/film-184890147._CB470041630_.png
245,Ice Age,7.5,(2002),https://m.media-amazon.com/images/G/01/imdb/images/nopicture/large/film-184890147._CB470041630_.png
246,The Last King of Scotland,7.7,(2006),https://m.media-amazon.com/images/G/01/imdb/images/nopicture/large/film-184890147._CB470041630_.png
247,The Croods,7.2,(2013),https://m.media-amazon.com/images/G/01/imdb/images/nopicture/large/film-184890147._CB470041630_.png
248,Little Miss Sunshine,7.8,(2006),https://m.media-amazon.com/images/G/01/imdb/images/nopicture/large/film-184890147._CB470041630_.png
249,Animal Attraction,6.1,(2001),https://m.media-amazon.com/images/G/01/imdb/images/nopicture/large/film-184890147._CB470041630_.png
250,Me and Earl and the Dying Girl,7.8,(2015),https://m.media-amazon.com/images/G/01/imdb/images/nopicture/large/film-184890147._CB470041630_.png
251,Frankenweenie,7,(2012),https://m.media-amazon.com/images/G/01/imdb/images/nopicture/large/film-184890147._CB470041630_.png
252,Diary of a Wimpy Kid 2: Rodrick Rules,6.6,(2011),https://m.media-amazon.com/images/G/01/imdb/images/nopicture/large/film-184890147._CB470041630_.png
253,Never Let Me Go,7.2,(2010),https://m.media-amazon.com/images/G/01/imdb/images/nopicture/large/film-184890147._CB470041630_.png
254,Home Alone 2: Lost in New York,6.7,(1992),https://m.media-amazon.com/images/G/01/imdb/images/nopicture/large/film-184890147._CB470041630_.png
255,Turbo,6.4,(2013),https://m.media-amazon.com/images/G/01/imdb/images/nopicture/large/film-184890147._CB470041630_.png
256,The Bang Bang Club,7,(2010),https://m.media-amazon.com/images/G/01/imdb/images/nopicture/large/film-184890147._CB470041630_.png
257,Toy Story 2,7.9,(1999),https://m.media-amazon.com/images/G/01/imdb/images/nopicture/large/film-184890147._CB470041630_.png
258,Chronicle,7.1,(2012),https://m.media-amazon.com/images/G/01/imdb/images/nopicture/large/film-184890147._CB470041630_.png
259,Parental Guidance,6.1,(2012),https://m.media-amazon.com/images/G/01/imdb/images/nopicture/large/film-184890147._CB470041630_.png
260,Dance Like a Man,7.3,(2004),https://m.media-amazon.com/images/G/01/imdb/images/nopicture/large/film-184890147._CB470041630_.png
261,Deja Vu,7.1,(2006),https://m.media-amazon.com/images/G/01/imdb/images/nopicture/large/film-184890147._CB470041630_.png
262,Arachnophobia,6.4,(1990),https://m.media-amazon.com/images/G/01/imdb/images/nopicture/large/film-184890147._CB470041630_.png
263,Five by Four,6.8,(2003),https://m.media-amazon.com/images/G/01/imdb/images/nopicture/large/film-184890147._CB470041630_.png
264,Garfield,5,(2004),https://m.media-amazon.com/images/G/01/imdb/images/nopicture/large/film-184890147._CB470041630_.png
265,Nine Months,5.5,(1995),https://m.media-amazon.com/images/G/01/imdb/images/nopicture/large/film-184890147._CB470041630_.png
266,The Sorcerer's Apprentice,6.1,(2010),https://m.media-amazon.com/images/G/01/imdb/images/nopicture/large/film-184890147._CB470041630_.png
267,The Santa Clause 2,5.6,(2002),https://m.media-amazon.com/images/G/01/imdb/images/nopicture/large/film-184890147._CB470041630_.png
268,Date Night,6.3,(2010),https://m.media-amazon.com/images/G/01/imdb/images/nopicture/large/film-184890147._CB470041630_.png
269,The Second Best Exotic Marigold Hotel,6.6,(2015),https://m.media-amazon.com/images/G/01/imdb/images/nopicture/large/film-184890147._CB470041630_.png
270,Courage Under Fire,6.6,(1996),https://m.media-amazon.com/images/G/01/imdb/images/nopicture/large/film-184890147._CB470041630_.png
271,Toy Story 3,8.3,(2010),https://m.media-amazon.com/images/G/01/imdb/images/nopicture/large/film-184890147._CB470041630_.png
272,The Descendants,7.3,(2011),https://m.media-amazon.com/images/G/01/imdb/images/nopicture/large/film-184890147._CB470041630_.png
273,A Good Day to Die Hard,5.3,(2013),https://m.media-amazon.com/images/G/01/imdb/images/nopicture/large/film-184890147._CB470041630_.png
274,Stoker,6.8,(2013),https://m.media-amazon.com/images/G/01/imdb/images/nopicture/large/film-184890147._CB470041630_.png
275,Die Hard 2,7.1,(1990),https://m.media-amazon.com/images/G/01/imdb/images/nopicture/large/film-184890147._CB470041630_.png
276,Sister Act,6.3,(1992),https://m.media-amazon.com/images/G/01/imdb/images/nopicture/large/film-184890147._CB470041630_.png
277,Garfield 2,5,(2006),https://m.media-amazon.com/images/G/01/imdb/images/nopicture/large/film-184890147._CB470041630_.png
278,Armageddon,6.7,(1998),https://m.media-amazon.com/images/G/01/imdb/images/nopicture/large/film-184890147._CB470041630_.png
279,A Good Year,7,(2006),https://m.media-amazon.com/images/G/01/imdb/images/nopicture/large/film-184890147._CB470041630_.png
280,Northpole: Open for Christmas,6.4,(2015 TV Movie),https://m.media-amazon.com/images/G/01/imdb/images/nopicture/large/film-184890147._CB470041630_.png
281,Notes on a Scandal,7.4,(2006),https://m.media-amazon.com/images/G/01/imdb/images/nopicture/large/film-184890147._CB470041630_.png
282,Mistress America,6.7,(2015),https://m.media-amazon.com/images/G/01/imdb/images/nopicture/large/film-184890147._CB470041630_.png
283,The Birth of a Nation,6.4,(2016),https://m.media-amazon.com/images/G/01/imdb/images/nopicture/large/film-184890147._CB470041630_.png
284,TRON: Legacy,6.8,(2010),https://m.media-amazon.com/images/G/01/imdb/images/nopicture/large/film-184890147._CB470041630_.png
285,The Muppets,7.1,(2011),https://m.media-amazon.com/images/G/01/imdb/images/nopicture/large/film-184890147._CB470041630_.png
286,Cheaper by the Dozen 2,5.5,(2005),https://m.media-amazon.com/images/G/01/imdb/images/nopicture/large/film-184890147._CB470041630_.png
287,Baggage Claim,5.1,(2013),https://m.media-amazon.com/images/G/01/imdb/images/nopicture/large/film-184890147._CB470041630_.png
288,Prelude to a Kiss,5.6,(1992),https://m.media-amazon.com/images/G/01/imdb/images/nopicture/large/film-184890147._CB470041630_.png
289,The Grand Budapest Hotel,8.1,(2014),https://m.media-amazon.com/images/G/01/imdb/images/nopicture/large/film-184890147._CB470041630_.png
290,The Simpsons Movie,7.3,(2007),https://m.media-amazon.com/images/G/01/imdb/images/nopicture/large/film-184890147._CB470041630_.png
291,Planet of the Apes,5.7,(2001),https://m.media-amazon.com/images/G/01/imdb/images/nopicture/large/film-184890147._CB470041630_.png
292,The Sixth Sense,8.1,(1999),https://m.media-amazon.com/images/G/01/imdb/images/nopicture/large/film-184890147._CB470041630_.png
293,The Horse Whisperer,6.6,(1998),https://m.media-amazon.com/images/G/01/imdb/images/nopicture/large/film-184890147._CB470041630_.png
294,Water for Elephants,6.9,(2011),https://m.media-amazon.com/images/G/01/imdb/images/nopicture/large/film-184890147._CB470041630_.png
295,Die Hard,8.2,(1988),https://m.media-amazon.com/images/G/01/imdb/images/nopicture/large/film-184890147._CB470041630_.png
296,Die Hard: With a Vengeance,7.6,(1995),https://m.media-amazon.com/images/G/01/imdb/images/nopicture/large/film-184890147._CB470041630_.png
297,The Happening,5,(2008),https://m.media-amazon.com/images/G/01/imdb/images/nopicture/large/film-184890147._CB470041630_.png
298,The Greatest Game Ever Played,7.5,(2005),https://m.media-amazon.com/images/G/01/imdb/images/nopicture/large/film-184890147._CB470041630_.png
299,The Jungle Book,7.6,(1967),https://m.media-amazon.com/images/G/01/imdb/images/nopicture/large/film-184890147._CB470041630_.png
300,Black Swan,8,(2010),"https://m.media-amazon.com/images/M/MV5BNzY2NzI4OTE5MF5BMl5BanBnXkFtZTcwMjMyNDY4Mw@@._V1_UY209_CR0,0,140,209_AL_.jpg"
301,Thank You for Smoking,7.6,(2005),https://m.media-amazon.com/images/G/01/imdb/images/nopicture/large/film-184890147._CB470041630_.png
302,"Me, Myself & Irene",6.6,(2000),https://m.media-amazon.com/images/G/01/imdb/images/nopicture/large/film-184890147._CB470041630_.png
303,Road to Perdition,7.7,(2002),https://m.media-amazon.com/images/G/01/imdb/images/nopicture/large/film-184890147._CB470041630_.png
304,Tour de Pharmacy,7.1,(2017 TV Movie),https://m.media-amazon.com/images/G/01/imdb/images/nopicture/large/film-184890147._CB470041630_.png
305,The Santa Clause,6.4,(1994),https://m.media-amazon.com/images/G/01/imdb/images/nopicture/large/film-184890147._CB470041630_.png
306,Horton Hears a Who!,6.8,(2008),https://m.media-amazon.com/images/G/01/imdb/images/nopicture/large/film-184890147._CB470041630_.png
307,The Hurricane,7.6,(1999),https://m.media-amazon.com/images/G/01/imdb/images/nopicture/large/film-184890147._CB470041630_.png
308,Gone in 60 Seconds,6.5,(2000),https://m.media-amazon.com/images/G/01/imdb/images/nopicture/large/film-184890147._CB470041630_.png
309,"Monsters, Inc.",8.1,(2001),https://m.media-amazon.com/images/G/01/imdb/images/nopicture/large/film-184890147._CB470041630_.png
310,The Best Exotic Marigold Hotel,7.3,(2011),https://m.media-amazon.com/images/G/01/imdb/images/nopicture/large/film-184890147._CB470041630_.png
311,The Beach,6.6,(I) (2000),https://m.media-amazon.com/images/G/01/imdb/images/nopicture/large/film-184890147._CB470041630_.png
312,Our Family Wedding,4.9,(2010),https://m.media-amazon.com/images/G/01/imdb/images/nopicture/large/film-184890147._CB470041630_.png
313,Swimfan,5,(2002),https://m.media-amazon.com/images/G/01/imdb/images/nopicture/large/film-184890147._CB470041630_.png
314,Australia,6.6,(2008),https://m.media-amazon.com/images/G/01/imdb/images/nopicture/large/film-184890147._CB470041630_.png
315,Wild,7.1,(I) (2014),https://m.media-amazon.com/images/G/01/imdb/images/nopicture/large/film-184890147._CB470041630_.png
316,Rise of the Planet of the Apes,7.6,(2011),https://m.media-amazon.com/images/G/01/imdb/images/nopicture/large/film-184890147._CB470041630_.png
317,The Marine 2,5,(2009 Video),https://m.media-amazon.com/images/G/01/imdb/images/nopicture/large/film-184890147._CB470041630_.png
318,From Hell,6.8,(2001),https://m.media-amazon.com/images/G/01/imdb/images/nopicture/large/film-184890147._CB470041630_.png
319,Spy Hard,5.3,(1996),https://m.media-amazon.com/images/G/01/imdb/images/nopicture/large/film-184890147._CB470041630_.png
320,Aliens vs. Predator: Requiem,4.7,(2007),https://m.media-amazon.com/images/G/01/imdb/images/nopicture/large/film-184890147._CB470041630_.png
321,Coco Chanel & Igor Stravinsky,6.4,(2009),https://m.media-amazon.com/images/G/01/imdb/images/nopicture/large/film-184890147._CB470041630_.png
322,The Hills Have Eyes II,5.1,(2007),https://m.media-amazon.com/images/G/01/imdb/images/nopicture/large/film-184890147._CB470041630_.png
323,The Jungle Book 2: Mowgli's Reunion,5.4,(2003),https://m.media-amazon.com/images/G/01/imdb/images/nopicture/large/film-184890147._CB470041630_.png
324,Eddie the Eagle,7.4,(2015),https://m.media-amazon.com/images/G/01/imdb/images/nopicture/large/film-184890147._CB470041630_.png
325,The Namesake,7.5,(2006),https://m.media-amazon.com/images/G/01/imdb/images/nopicture/large/film-184890147._CB470041630_.png
326,The Hills Have Eyes,6.4,(2006),https://m.media-amazon.com/images/G/01/imdb/images/nopicture/large/film-184890147._CB470041630_.png
327,Tillie's Punctured Romance,7,(1914),https://m.media-amazon.com/images/G/01/imdb/images/nopicture/large/film-184890147._CB470041630_.png
328,Snoopy and Charlie Brown: The Peanuts Movie,7.1,(2015),https://m.media-amazon.com/images/G/01/imdb/images/nopicture/large/film-184890147._CB470041630_.png
329,Home,6.6,(II) (2015),https://m.media-amazon.com/images/G/01/imdb/images/nopicture/large/film-184890147._CB470041630_.png
330,Honey I Blew Up the Kid,4.8,(1992),https://m.media-amazon.com/images/G/01/imdb/images/nopicture/large/film-184890147._CB470041630_.png
331,The Book Thief,7.6,(2013),https://m.media-amazon.com/images/G/01/imdb/images/nopicture/large/film-184890147._CB470041630_.png
332,Northpole,6.5,(2014 TV Movie),https://m.media-amazon.com/images/G/01/imdb/images/nopicture/large/film-184890147._CB470041630_.png
333,Baby's Day Out,6,(1994),https://m.media-amazon.com/images/G/01/imdb/images/nopicture/large/film-184890147._CB470041630_.png
334,My Cousin Vinny,7.6,(1992),https://m.media-amazon.com/images/G/01/imdb/images/nopicture/large/film-184890147._CB470041630_.png
335,I Origins,7.4,(2014),https://m.media-amazon.com/images/G/01/imdb/images/nopicture/large/film-184890147._CB470041630_.png
336,Office Space,7.8,(1999),https://m.media-amazon.com/images/G/01/imdb/images/nopicture/large/film-184890147._CB470041630_.png
337,The Ringer,5.8,(2005),https://m.media-amazon.com/images/G/01/imdb/images/nopicture/large/film-184890147._CB470041630_.png
338,Mr. Peabody & Sherman,6.8,(2014),https://m.media-amazon.com/images/G/01/imdb/images/nopicture/large/film-184890147._CB470041630_.png
339,"Honey, I Shrunk the Kids",6.3,(1989),https://m.media-amazon.com/images/G/01/imdb/images/nopicture/large/film-184890147._CB470041630_.png
340,Sideways,7.5,(2004),https://m.media-amazon.com/images/G/01/imdb/images/nopicture/large/film-184890147._CB470041630_.png
341,28 Days Later...,7.6,(2002),https://m.media-amazon.com/images/G/01/imdb/images/nopicture/large/film-184890147._CB470041630_.png
342,AVP: Alien vs. Predator,5.6,(2004),https://m.media-amazon.com/images/G/01/imdb/images/nopicture/large/film-184890147._CB470041630_.png
343,Robots,6.3,(2005),https://m.media-amazon.com/images/G/01/imdb/images/nopicture/large/film-184890147._CB470041630_.png
344,Say It Isn't So,5,(2001),https://m.media-amazon.com/images/G/01/imdb/images/nopicture/large/film-184890147._CB470041630_.png
345,Martha Marcy May Marlene,6.9,(2011),https://m.media-amazon.com/images/G/01/imdb/images/nopicture/large/film-184890147._CB470041630_.png
346,Prizzi's Honor,6.8,(1985),https://m.media-amazon.com/images/G/01/imdb/images/nopicture/large/film-184890147._CB470041630_.png
347,Crimson Tide,7.3,(1995),https://m.media-amazon.com/images/G/01/imdb/images/nopicture/large/film-184890147._CB470041630_.png
348,Before the Flood,8.3,(2016),https://m.media-amazon.com/images/G/01/imdb/images/nopicture/large/film-184890147._CB470041630_.png
349,The Making of the Mahatma,7,(1996),https://m.media-amazon.com/images/G/01/imdb/images/nopicture/large/film-184890147._CB470041630_.png
350,Waking Life,7.8,(2001),https://m.media-amazon.com/images/G/01/imdb/images/nopicture/large/film-184890147._CB470041630_.png
351,Grosse Pointe Blank,7.4,(1997),https://m.media-amazon.com/images/G/01/imdb/images/nopicture/large/film-184890147._CB470041630_.png
352,"Good Morning, Vietnam",7.3,(1987),https://m.media-amazon.com/images/G/01/imdb/images/nopicture/large/film-184890147._CB470041630_.png
353,The Darjeeling Limited,7.2,(2007),https://m.media-amazon.com/images/G/01/imdb/images/nopicture/large/film-184890147._CB470041630_.png
354,Looking for Eric,7.2,(2009),https://m.media-amazon.com/images/G/01/imdb/images/nopicture/large/film-184890147._CB470041630_.png
355,The Full Monty,7.2,(1997),https://m.media-amazon.com/images/G/01/imdb/images/nopicture/large/film-184890147._CB470041630_.png
356,Tristan + Isolde,6.8,(2006),https://m.media-amazon.com/images/G/01/imdb/images/nopicture/large/film-184890147._CB470041630_.png
357,The Immortal Life of Henrietta Lacks,6.3,(2017 TV Movie),https://m.media-amazon.com/images/G/01/imdb/images/nopicture/large/film-184890147._CB470041630_.png
358,Judge Dredd,5.5,(1995),https://m.media-amazon.com/images/G/01/imdb/images/nopicture/large/film-184890147._CB470041630_.png
359,Noises Off...,7.5,(1992),https://m.media-amazon.com/images/G/01/imdb/images/nopicture/large/film-184890147._CB470041630_.png
360,Shanghai Knights,6.2,(2003),https://m.media-amazon.com/images/G/01/imdb/images/nopicture/large/film-184890147._CB470041630_.png
361,Amelia,5.8,(2009),https://m.media-amazon.com/images/G/01/imdb/images/nopicture/large/film-184890147._CB470041630_.png
362,Aliens,8.4,(1986),https://m.media-amazon.com/images/G/01/imdb/images/nopicture/large/film-184890147._CB470041630_.png
363,Alien,8.5,(1979),https://m.media-amazon.com/images/G/01/imdb/images/nopicture/large/film-184890147._CB470041630_.png
364,Garden State,7.5,(2004),https://m.media-amazon.com/images/G/01/imdb/images/nopicture/large/film-184890147._CB470041630_.png
365,Rushmore,7.7,(1998),https://m.media-amazon.com/images/G/01/imdb/images/nopicture/large/film-184890147._CB470041630_.png
366,The Royal Tenenbaums,7.6,(2001),https://m.media-amazon.com/images/G/01/imdb/images/nopicture/large/film-184890147._CB470041630_.png
367,The Rock,7.4,(1996),https://m.media-amazon.com/images/G/01/imdb/images/nopicture/large/film-184890147._CB470041630_.png
368,That Thing You Do!,6.9,(1996),https://m.media-amazon.com/images/G/01/imdb/images/nopicture/large/film-184890147._CB470041630_.png
369,Alien: Resurrection,6.2,(1997),https://m.media-amazon.com/images/G/01/imdb/images/nopicture/large/film-184890147._CB470041630_.png
370,Alien³,6.4,(1992),https://m.media-amazon.com/images/G/01/imdb/images/nopicture/large/film-184890147._CB470041630_.png
371,Calvary,7.4,(2014),https://m.media-amazon.com/images/G/01/imdb/images/nopicture/large/film-184890147._CB470041630_.png
372,The Time that Remains,7.1,(2009),https://m.media-amazon.com/images/G/01/imdb/images/nopicture/large/film-184890147._CB470041630_.png
373,Miss Beatty's Children,5.8,(1992),https://m.media-amazon.com/images/G/01/imdb/images/nopicture/large/film-184890147._CB470041630_.png
374,In America,7.8,(2002),https://m.media-amazon.com/images/G/01/imdb/images/nopicture/large/film-184890147._CB470041630_.png
375,Absolutely Fabulous: The Movie,5.4,(2016),https://m.media-amazon.com/images/G/01/imdb/images/nopicture/large/film-184890147._CB470041630_.png
